Build ID,Time (UTC),Platform,Build Status,Session ID,Test Name,Test Status,Duration (s),Video URL,Maestro Log URL,Description
08962b233426853b6547ab9d3d8dcb52c79cac38,2026-04-26 05:05:50 UTC,ios,failed,bebd56f1f0c1425a78579c1f0bf4d8505184ff9c,home-smoke,passed,29.34,https://api.browserstack.com/app-automate/maestro/builds/08962b233426853b6547ab9d3d8dcb52c79cac38/sessions/tests/bebd56f1f0c1425a78579c1f0bf4d8505184ff9c77ad6ac2/video#t=0,29,https://api.browserstack.com/app-automate/maestro/builds/08962b233426853b6547ab9d3d8dcb52c79cac38/sessions/tests/bebd56f1f0c1425a78579c1f0bf4d8505184ff9c77ad6ac2/maestrologs,"iOS — waitForAnimation lend-flow"
08962b233426853b6547ab9d3d8dcb52c79cac38,2026-04-26 05:05:50 UTC,ios,failed,bebd56f1f0c1425a78579c1f0bf4d8505184ff9c,lend-flow,failed,27.743,https://api.browserstack.com/app-automate/maestro/builds/08962b233426853b6547ab9d3d8dcb52c79cac38/sessions/tests/bebd56f1f0c1425a78579c1f0bf4d8505184ff9c34ad46fb/video#t=30,58,https://api.browserstack.com/app-automate/maestro/builds/08962b233426853b6547ab9d3d8dcb52c79cac38/sessions/tests/bebd56f1f0c1425a78579c1f0bf4d8505184ff9c34ad46fb/maestrologs,"iOS — waitForAnimation lend-flow"
08962b233426853b6547ab9d3d8dcb52c79cac38,2026-04-26 05:05:50 UTC,ios,failed,bebd56f1f0c1425a78579c1f0bf4d8505184ff9c,login,passed,15.931,https://api.browserstack.com/app-automate/maestro/builds/08962b233426853b6547ab9d3d8dcb52c79cac38/sessions/tests/bebd56f1f0c1425a78579c1f0bf4d8505184ff9c60c99842/video#t=58,74,https://api.browserstack.com/app-automate/maestro/builds/08962b233426853b6547ab9d3d8dcb52c79cac38/sessions/tests/bebd56f1f0c1425a78579c1f0bf4d8505184ff9c60c99842/maestrologs,"iOS — waitForAnimation lend-flow"
08962b233426853b6547ab9d3d8dcb52c79cac38,2026-04-26 05:05:50 UTC,ios,failed,bebd56f1f0c1425a78579c1f0bf4d8505184ff9c,auth-flow,passed,15.871,https://api.browserstack.com/app-automate/maestro/builds/08962b233426853b6547ab9d3d8dcb52c79cac38/sessions/tests/bebd56f1f0c1425a78579c1f0bf4d8505184ff9c99f2f61f/video#t=75,91,https://api.browserstack.com/app-automate/maestro/builds/08962b233426853b6547ab9d3d8dcb52c79cac38/sessions/tests/bebd56f1f0c1425a78579c1f0bf4d8505184ff9c99f2f61f/maestrologs,"iOS — waitForAnimation lend-flow"
87ba20244686c29bfec1cf7c2f3c505093aac226,2026-04-26 05:00:09 UTC,android,passed,e0370fa6022a0676d790a6cff6a141afb5ae385a,auth-flow,passed,25,https://api.browserstack.com/app-automate/maestro/builds/87ba20244686c29bfec1cf7c2f3c505093aac226/sessions/tests/e0370fa6022a0676d790a6cff6a141afb5ae385a895ce6d1/video#t=5,41,https://api.browserstack.com/app-automate/maestro/builds/87ba20244686c29bfec1cf7c2f3c505093aac226/sessions/tests/e0370fa6022a0676d790a6cff6a141afb5ae385a895ce6d1/maestrologs,"Android FINAL — v2 build + coord taps"
87ba20244686c29bfec1cf7c2f3c505093aac226,2026-04-26 05:00:09 UTC,android,passed,e0370fa6022a0676d790a6cff6a141afb5ae385a,login,passed,24,https://api.browserstack.com/app-automate/maestro/builds/87ba20244686c29bfec1cf7c2f3c505093aac226/sessions/tests/e0370fa6022a0676d790a6cff6a141afb5ae385a0ea9ac1e/video#t=53,88,https://api.browserstack.com/app-automate/maestro/builds/87ba20244686c29bfec1cf7c2f3c505093aac226/sessions/tests/e0370fa6022a0676d790a6cff6a141afb5ae385a0ea9ac1e/maestrologs,"Android FINAL — v2 build + coord taps"
87ba20244686c29bfec1cf7c2f3c505093aac226,2026-04-26 05:00:09 UTC,android,passed,e0370fa6022a0676d790a6cff6a141afb5ae385a,lend-flow,passed,69,https://api.browserstack.com/app-automate/maestro/builds/87ba20244686c29bfec1cf7c2f3c505093aac226/sessions/tests/e0370fa6022a0676d790a6cff6a141afb5ae385ab3ae6ca1/video#t=100,181,https://api.browserstack.com/app-automate/maestro/builds/87ba20244686c29bfec1cf7c2f3c505093aac226/sessions/tests/e0370fa6022a0676d790a6cff6a141afb5ae385ab3ae6ca1/maestrologs,"Android FINAL — v2 build + coord taps"
87ba20244686c29bfec1cf7c2f3c505093aac226,2026-04-26 05:00:09 UTC,android,passed,e0370fa6022a0676d790a6cff6a141afb5ae385a,home-smoke,passed,32,https://api.browserstack.com/app-automate/maestro/builds/87ba20244686c29bfec1cf7c2f3c505093aac226/sessions/tests/e0370fa6022a0676d790a6cff6a141afb5ae385ab8668b46/video#t=193,236,https://api.browserstack.com/app-automate/maestro/builds/87ba20244686c29bfec1cf7c2f3c505093aac226/sessions/tests/e0370fa6022a0676d790a6cff6a141afb5ae385ab8668b46/maestrologs,"Android FINAL — v2 build + coord taps"
e77f3b93ced04bdc6c184b6c741537b053e609e3,2026-04-26 05:00:09 UTC,ios,failed,8051b06218c1a354e2ae00ebc27671effdb137ad,home-smoke,passed,28.632,https://api.browserstack.com/app-automate/maestro/builds/e77f3b93ced04bdc6c184b6c741537b053e609e3/sessions/tests/8051b06218c1a354e2ae00ebc27671effdb137ad77ad6ac2/video#t=0,29,https://api.browserstack.com/app-automate/maestro/builds/e77f3b93ced04bdc6c184b6c741537b053e609e3/sessions/tests/8051b06218c1a354e2ae00ebc27671effdb137ad77ad6ac2/maestrologs,"iOS FINAL — v2 build + coord taps"
e77f3b93ced04bdc6c184b6c741537b053e609e3,2026-04-26 05:00:09 UTC,ios,failed,8051b06218c1a354e2ae00ebc27671effdb137ad,lend-flow,failed,27.504,https://api.browserstack.com/app-automate/maestro/builds/e77f3b93ced04bdc6c184b6c741537b053e609e3/sessions/tests/8051b06218c1a354e2ae00ebc27671effdb137ad34ad46fb/video#t=29,57,https://api.browserstack.com/app-automate/maestro/builds/e77f3b93ced04bdc6c184b6c741537b053e609e3/sessions/tests/8051b06218c1a354e2ae00ebc27671effdb137ad34ad46fb/maestrologs,"iOS FINAL — v2 build + coord taps"
e77f3b93ced04bdc6c184b6c741537b053e609e3,2026-04-26 05:00:09 UTC,ios,failed,8051b06218c1a354e2ae00ebc27671effdb137ad,login,passed,19.953,https://api.browserstack.com/app-automate/maestro/builds/e77f3b93ced04bdc6c184b6c741537b053e609e3/sessions/tests/8051b06218c1a354e2ae00ebc27671effdb137ad60c99842/video#t=58,78,https://api.browserstack.com/app-automate/maestro/builds/e77f3b93ced04bdc6c184b6c741537b053e609e3/sessions/tests/8051b06218c1a354e2ae00ebc27671effdb137ad60c99842/maestrologs,"iOS FINAL — v2 build + coord taps"
e77f3b93ced04bdc6c184b6c741537b053e609e3,2026-04-26 05:00:09 UTC,ios,failed,8051b06218c1a354e2ae00ebc27671effdb137ad,auth-flow,passed,19.414,https://api.browserstack.com/app-automate/maestro/builds/e77f3b93ced04bdc6c184b6c741537b053e609e3/sessions/tests/8051b06218c1a354e2ae00ebc27671effdb137ad99f2f61f/video#t=78,98,https://api.browserstack.com/app-automate/maestro/builds/e77f3b93ced04bdc6c184b6c741537b053e609e3/sessions/tests/8051b06218c1a354e2ae00ebc27671effdb137ad99f2f61f/maestrologs,"iOS FINAL — v2 build + coord taps"
86ee6876995a1dd29d19aa599fa6a9a0c4a3cf4b,2026-04-26 04:53:54 UTC,android,failed,7ded7b093fb5762766ec55d4aee926258ce7fd18,auth-flow,passed,27,https://api.browserstack.com/app-automate/maestro/builds/86ee6876995a1dd29d19aa599fa6a9a0c4a3cf4b/sessions/tests/7ded7b093fb5762766ec55d4aee926258ce7fd188b98672e/video#t=5,43,https://api.browserstack.com/app-automate/maestro/builds/86ee6876995a1dd29d19aa599fa6a9a0c4a3cf4b/sessions/tests/7ded7b093fb5762766ec55d4aee926258ce7fd188b98672e/maestrologs,"Android FINAL — testID build"
86ee6876995a1dd29d19aa599fa6a9a0c4a3cf4b,2026-04-26 04:53:54 UTC,android,failed,7ded7b093fb5762766ec55d4aee926258ce7fd18,login,passed,25,https://api.browserstack.com/app-automate/maestro/builds/86ee6876995a1dd29d19aa599fa6a9a0c4a3cf4b/sessions/tests/7ded7b093fb5762766ec55d4aee926258ce7fd181e951840/video#t=54,90,https://api.browserstack.com/app-automate/maestro/builds/86ee6876995a1dd29d19aa599fa6a9a0c4a3cf4b/sessions/tests/7ded7b093fb5762766ec55d4aee926258ce7fd181e951840/maestrologs,"Android FINAL — testID build"
86ee6876995a1dd29d19aa599fa6a9a0c4a3cf4b,2026-04-26 04:53:54 UTC,android,failed,7ded7b093fb5762766ec55d4aee926258ce7fd18,lend-flow,failed,43,https://api.browserstack.com/app-automate/maestro/builds/86ee6876995a1dd29d19aa599fa6a9a0c4a3cf4b/sessions/tests/7ded7b093fb5762766ec55d4aee926258ce7fd18a215666c/video#t=101,156,https://api.browserstack.com/app-automate/maestro/builds/86ee6876995a1dd29d19aa599fa6a9a0c4a3cf4b/sessions/tests/7ded7b093fb5762766ec55d4aee926258ce7fd18a215666c/maestrologs,"Android FINAL — testID build"
86ee6876995a1dd29d19aa599fa6a9a0c4a3cf4b,2026-04-26 04:53:54 UTC,android,failed,7ded7b093fb5762766ec55d4aee926258ce7fd18,home-smoke,failed,42,https://api.browserstack.com/app-automate/maestro/builds/86ee6876995a1dd29d19aa599fa6a9a0c4a3cf4b/sessions/tests/7ded7b093fb5762766ec55d4aee926258ce7fd1820094515/video#t=167,221,https://api.browserstack.com/app-automate/maestro/builds/86ee6876995a1dd29d19aa599fa6a9a0c4a3cf4b/sessions/tests/7ded7b093fb5762766ec55d4aee926258ce7fd1820094515/maestrologs,"Android FINAL — testID build"
a3db93c13caab012913b45fe1b688f1edd3e9f62,2026-04-26 04:30:02 UTC,android,passed,4137a4d66c09c76ba37406fcb3ec66d42f9a170c,auth-flow,passed,24,https://api.browserstack.com/app-automate/maestro/builds/a3db93c13caab012913b45fe1b688f1edd3e9f62/sessions/tests/4137a4d66c09c76ba37406fcb3ec66d42f9a170cb7bf41ae/video#t=5,40,https://api.browserstack.com/app-automate/maestro/builds/a3db93c13caab012913b45fe1b688f1edd3e9f62/sessions/tests/4137a4d66c09c76ba37406fcb3ec66d42f9a170cb7bf41ae/maestrologs,"Android v11 — conditional login"
a3db93c13caab012913b45fe1b688f1edd3e9f62,2026-04-26 04:30:02 UTC,android,passed,4137a4d66c09c76ba37406fcb3ec66d42f9a170c,login,passed,24,https://api.browserstack.com/app-automate/maestro/builds/a3db93c13caab012913b45fe1b688f1edd3e9f62/sessions/tests/4137a4d66c09c76ba37406fcb3ec66d42f9a170cf718b4ec/video#t=52,88,https://api.browserstack.com/app-automate/maestro/builds/a3db93c13caab012913b45fe1b688f1edd3e9f62/sessions/tests/4137a4d66c09c76ba37406fcb3ec66d42f9a170cf718b4ec/maestrologs,"Android v11 — conditional login"
a3db93c13caab012913b45fe1b688f1edd3e9f62,2026-04-26 04:30:02 UTC,android,passed,4137a4d66c09c76ba37406fcb3ec66d42f9a170c,lend-flow,passed,69,https://api.browserstack.com/app-automate/maestro/builds/a3db93c13caab012913b45fe1b688f1edd3e9f62/sessions/tests/4137a4d66c09c76ba37406fcb3ec66d42f9a170ce208a232/video#t=99,179,https://api.browserstack.com/app-automate/maestro/builds/a3db93c13caab012913b45fe1b688f1edd3e9f62/sessions/tests/4137a4d66c09c76ba37406fcb3ec66d42f9a170ce208a232/maestrologs,"Android v11 — conditional login"
a3db93c13caab012913b45fe1b688f1edd3e9f62,2026-04-26 04:30:02 UTC,android,passed,4137a4d66c09c76ba37406fcb3ec66d42f9a170c,home-smoke,passed,32,https://api.browserstack.com/app-automate/maestro/builds/a3db93c13caab012913b45fe1b688f1edd3e9f62/sessions/tests/4137a4d66c09c76ba37406fcb3ec66d42f9a170c35718ad9/video#t=191,234,https://api.browserstack.com/app-automate/maestro/builds/a3db93c13caab012913b45fe1b688f1edd3e9f62/sessions/tests/4137a4d66c09c76ba37406fcb3ec66d42f9a170c35718ad9/maestrologs,"Android v11 — conditional login"
70fc82d53afc3ea79a2073c6c28bbfb9c9fcccf1,2026-04-26 04:30:01 UTC,ios,failed,3042b926af56fb3341ae46cd5af86bafec15d0ff,home-smoke,passed,30.683,https://api.browserstack.com/app-automate/maestro/builds/70fc82d53afc3ea79a2073c6c28bbfb9c9fcccf1/sessions/tests/3042b926af56fb3341ae46cd5af86bafec15d0ff77ad6ac2/video#t=0,31,https://api.browserstack.com/app-automate/maestro/builds/70fc82d53afc3ea79a2073c6c28bbfb9c9fcccf1/sessions/tests/3042b926af56fb3341ae46cd5af86bafec15d0ff77ad6ac2/maestrologs,"iOS v16 — conditional login"
70fc82d53afc3ea79a2073c6c28bbfb9c9fcccf1,2026-04-26 04:30:01 UTC,ios,failed,3042b926af56fb3341ae46cd5af86bafec15d0ff,lend-flow,failed,27.5,https://api.browserstack.com/app-automate/maestro/builds/70fc82d53afc3ea79a2073c6c28bbfb9c9fcccf1/sessions/tests/3042b926af56fb3341ae46cd5af86bafec15d0ff34ad46fb/video#t=31,59,https://api.browserstack.com/app-automate/maestro/builds/70fc82d53afc3ea79a2073c6c28bbfb9c9fcccf1/sessions/tests/3042b926af56fb3341ae46cd5af86bafec15d0ff34ad46fb/maestrologs,"iOS v16 — conditional login"
70fc82d53afc3ea79a2073c6c28bbfb9c9fcccf1,2026-04-26 04:30:01 UTC,ios,failed,3042b926af56fb3341ae46cd5af86bafec15d0ff,login,passed,19.182,https://api.browserstack.com/app-automate/maestro/builds/70fc82d53afc3ea79a2073c6c28bbfb9c9fcccf1/sessions/tests/3042b926af56fb3341ae46cd5af86bafec15d0ff60c99842/video#t=59,79,https://api.browserstack.com/app-automate/maestro/builds/70fc82d53afc3ea79a2073c6c28bbfb9c9fcccf1/sessions/tests/3042b926af56fb3341ae46cd5af86bafec15d0ff60c99842/maestrologs,"iOS v16 — conditional login"
70fc82d53afc3ea79a2073c6c28bbfb9c9fcccf1,2026-04-26 04:30:01 UTC,ios,failed,3042b926af56fb3341ae46cd5af86bafec15d0ff,auth-flow,passed,18.666,https://api.browserstack.com/app-automate/maestro/builds/70fc82d53afc3ea79a2073c6c28bbfb9c9fcccf1/sessions/tests/3042b926af56fb3341ae46cd5af86bafec15d0ff99f2f61f/video#t=79,98,https://api.browserstack.com/app-automate/maestro/builds/70fc82d53afc3ea79a2073c6c28bbfb9c9fcccf1/sessions/tests/3042b926af56fb3341ae46cd5af86bafec15d0ff99f2f61f/maestrologs,"iOS v16 — conditional login"
6fbfc1ff6d2a7fcdca3b5ea0eed8aeda5aa4b526,2026-04-26 04:26:16 UTC,ios,failed,05f0d1dda361ba3127646079ce93abb4f2675898,home-smoke,passed,34.16,https://api.browserstack.com/app-automate/maestro/builds/6fbfc1ff6d2a7fcdca3b5ea0eed8aeda5aa4b526/sessions/tests/05f0d1dda361ba3127646079ce93abb4f267589877ad6ac2/video#t=0,34,https://api.browserstack.com/app-automate/maestro/builds/6fbfc1ff6d2a7fcdca3b5ea0eed8aeda5aa4b526/sessions/tests/05f0d1dda361ba3127646079ce93abb4f267589877ad6ac2/maestrologs,"iOS v15 — waitForAnimation"
6fbfc1ff6d2a7fcdca3b5ea0eed8aeda5aa4b526,2026-04-26 04:26:16 UTC,ios,failed,05f0d1dda361ba3127646079ce93abb4f2675898,lend-flow,failed,21.193,https://api.browserstack.com/app-automate/maestro/builds/6fbfc1ff6d2a7fcdca3b5ea0eed8aeda5aa4b526/sessions/tests/05f0d1dda361ba3127646079ce93abb4f267589834ad46fb/video#t=35,56,https://api.browserstack.com/app-automate/maestro/builds/6fbfc1ff6d2a7fcdca3b5ea0eed8aeda5aa4b526/sessions/tests/05f0d1dda361ba3127646079ce93abb4f267589834ad46fb/maestrologs,"iOS v15 — waitForAnimation"
6fbfc1ff6d2a7fcdca3b5ea0eed8aeda5aa4b526,2026-04-26 04:26:16 UTC,ios,failed,05f0d1dda361ba3127646079ce93abb4f2675898,login,failed,16.377,https://api.browserstack.com/app-automate/maestro/builds/6fbfc1ff6d2a7fcdca3b5ea0eed8aeda5aa4b526/sessions/tests/05f0d1dda361ba3127646079ce93abb4f267589860c99842/video#t=57,73,https://api.browserstack.com/app-automate/maestro/builds/6fbfc1ff6d2a7fcdca3b5ea0eed8aeda5aa4b526/sessions/tests/05f0d1dda361ba3127646079ce93abb4f267589860c99842/maestrologs,"iOS v15 — waitForAnimation"
6fbfc1ff6d2a7fcdca3b5ea0eed8aeda5aa4b526,2026-04-26 04:26:16 UTC,ios,failed,05f0d1dda361ba3127646079ce93abb4f2675898,auth-flow,failed,16.507,https://api.browserstack.com/app-automate/maestro/builds/6fbfc1ff6d2a7fcdca3b5ea0eed8aeda5aa4b526/sessions/tests/05f0d1dda361ba3127646079ce93abb4f267589899f2f61f/video#t=74,90,https://api.browserstack.com/app-automate/maestro/builds/6fbfc1ff6d2a7fcdca3b5ea0eed8aeda5aa4b526/sessions/tests/05f0d1dda361ba3127646079ce93abb4f267589899f2f61f/maestrologs,"iOS v15 — waitForAnimation"
4c50f89e620a76af5b1ae1ef088187495ffe86f5,2026-04-26 04:22:30 UTC,ios,failed,4930bfd898e578eeb78bd26ed0b2e980e3d513cc,home-smoke,passed,34.006,https://api.browserstack.com/app-automate/maestro/builds/4c50f89e620a76af5b1ae1ef088187495ffe86f5/sessions/tests/4930bfd898e578eeb78bd26ed0b2e980e3d513cc77ad6ac2/video#t=0,34,https://api.browserstack.com/app-automate/maestro/builds/4c50f89e620a76af5b1ae1ef088187495ffe86f5/sessions/tests/4930bfd898e578eeb78bd26ed0b2e980e3d513cc77ad6ac2/maestrologs,"iOS v14 — 20s logout timeout"
4c50f89e620a76af5b1ae1ef088187495ffe86f5,2026-04-26 04:22:30 UTC,ios,failed,4930bfd898e578eeb78bd26ed0b2e980e3d513cc,lend-flow,failed,15.562,https://api.browserstack.com/app-automate/maestro/builds/4c50f89e620a76af5b1ae1ef088187495ffe86f5/sessions/tests/4930bfd898e578eeb78bd26ed0b2e980e3d513cc34ad46fb/video#t=35,50,https://api.browserstack.com/app-automate/maestro/builds/4c50f89e620a76af5b1ae1ef088187495ffe86f5/sessions/tests/4930bfd898e578eeb78bd26ed0b2e980e3d513cc34ad46fb/maestrologs,"iOS v14 — 20s logout timeout"
4c50f89e620a76af5b1ae1ef088187495ffe86f5,2026-04-26 04:22:30 UTC,ios,failed,4930bfd898e578eeb78bd26ed0b2e980e3d513cc,login,failed,15.655,https://api.browserstack.com/app-automate/maestro/builds/4c50f89e620a76af5b1ae1ef088187495ffe86f5/sessions/tests/4930bfd898e578eeb78bd26ed0b2e980e3d513cc60c99842/video#t=51,67,https://api.browserstack.com/app-automate/maestro/builds/4c50f89e620a76af5b1ae1ef088187495ffe86f5/sessions/tests/4930bfd898e578eeb78bd26ed0b2e980e3d513cc60c99842/maestrologs,"iOS v14 — 20s logout timeout"
4c50f89e620a76af5b1ae1ef088187495ffe86f5,2026-04-26 04:22:30 UTC,ios,failed,4930bfd898e578eeb78bd26ed0b2e980e3d513cc,auth-flow,failed,15.252,https://api.browserstack.com/app-automate/maestro/builds/4c50f89e620a76af5b1ae1ef088187495ffe86f5/sessions/tests/4930bfd898e578eeb78bd26ed0b2e980e3d513cc99f2f61f/video#t=67,82,https://api.browserstack.com/app-automate/maestro/builds/4c50f89e620a76af5b1ae1ef088187495ffe86f5/sessions/tests/4930bfd898e578eeb78bd26ed0b2e980e3d513cc99f2f61f/maestrologs,"iOS v14 — 20s logout timeout"
ee38029d1c5d7a8103d0d44327d262833833d3af,2026-04-26 04:18:06 UTC,ios,failed,b35799bef6f78f6cd6f52480b384250106a790ee,home-smoke,failed,27.751,https://api.browserstack.com/app-automate/maestro/builds/ee38029d1c5d7a8103d0d44327d262833833d3af/sessions/tests/b35799bef6f78f6cd6f52480b384250106a790ee77ad6ac2/video#t=0,28,https://api.browserstack.com/app-automate/maestro/builds/ee38029d1c5d7a8103d0d44327d262833833d3af/sessions/tests/b35799bef6f78f6cd6f52480b384250106a790ee77ad6ac2/maestrologs,"iOS v13 — scroll to logout"
ee38029d1c5d7a8103d0d44327d262833833d3af,2026-04-26 04:18:06 UTC,ios,failed,b35799bef6f78f6cd6f52480b384250106a790ee,lend-flow,failed,29.284,https://api.browserstack.com/app-automate/maestro/builds/ee38029d1c5d7a8103d0d44327d262833833d3af/sessions/tests/b35799bef6f78f6cd6f52480b384250106a790ee34ad46fb/video#t=28,58,https://api.browserstack.com/app-automate/maestro/builds/ee38029d1c5d7a8103d0d44327d262833833d3af/sessions/tests/b35799bef6f78f6cd6f52480b384250106a790ee34ad46fb/maestrologs,"iOS v13 — scroll to logout"
ee38029d1c5d7a8103d0d44327d262833833d3af,2026-04-26 04:18:06 UTC,ios,failed,b35799bef6f78f6cd6f52480b384250106a790ee,login,failed,29.459,https://api.browserstack.com/app-automate/maestro/builds/ee38029d1c5d7a8103d0d44327d262833833d3af/sessions/tests/b35799bef6f78f6cd6f52480b384250106a790ee60c99842/video#t=58,88,https://api.browserstack.com/app-automate/maestro/builds/ee38029d1c5d7a8103d0d44327d262833833d3af/sessions/tests/b35799bef6f78f6cd6f52480b384250106a790ee60c99842/maestrologs,"iOS v13 — scroll to logout"
ee38029d1c5d7a8103d0d44327d262833833d3af,2026-04-26 04:18:06 UTC,ios,failed,b35799bef6f78f6cd6f52480b384250106a790ee,auth-flow,failed,29.276,https://api.browserstack.com/app-automate/maestro/builds/ee38029d1c5d7a8103d0d44327d262833833d3af/sessions/tests/b35799bef6f78f6cd6f52480b384250106a790ee99f2f61f/video#t=88,118,https://api.browserstack.com/app-automate/maestro/builds/ee38029d1c5d7a8103d0d44327d262833833d3af/sessions/tests/b35799bef6f78f6cd6f52480b384250106a790ee99f2f61f/maestrologs,"iOS v13 — scroll to logout"
e86ba28ad0b7832d7c428bc2dec19e15cd8f615a,2026-04-26 04:11:28 UTC,ios,failed,71ba6e7ab0a69f9cb9465d9bee270ae8000a9095,home-smoke,passed,34.907,https://api.browserstack.com/app-automate/maestro/builds/e86ba28ad0b7832d7c428bc2dec19e15cd8f615a/sessions/tests/71ba6e7ab0a69f9cb9465d9bee270ae8000a909577ad6ac2/video#t=0,35,https://api.browserstack.com/app-automate/maestro/builds/e86ba28ad0b7832d7c428bc2dec19e15cd8f615a/sessions/tests/71ba6e7ab0a69f9cb9465d9bee270ae8000a909577ad6ac2/maestrologs,"iOS v12 — conditional logout"
e86ba28ad0b7832d7c428bc2dec19e15cd8f615a,2026-04-26 04:11:28 UTC,ios,failed,71ba6e7ab0a69f9cb9465d9bee270ae8000a9095,lend-flow,failed,16.11,https://api.browserstack.com/app-automate/maestro/builds/e86ba28ad0b7832d7c428bc2dec19e15cd8f615a/sessions/tests/71ba6e7ab0a69f9cb9465d9bee270ae8000a909534ad46fb/video#t=35,52,https://api.browserstack.com/app-automate/maestro/builds/e86ba28ad0b7832d7c428bc2dec19e15cd8f615a/sessions/tests/71ba6e7ab0a69f9cb9465d9bee270ae8000a909534ad46fb/maestrologs,"iOS v12 — conditional logout"
e86ba28ad0b7832d7c428bc2dec19e15cd8f615a,2026-04-26 04:11:28 UTC,ios,failed,71ba6e7ab0a69f9cb9465d9bee270ae8000a9095,login,failed,15.854,https://api.browserstack.com/app-automate/maestro/builds/e86ba28ad0b7832d7c428bc2dec19e15cd8f615a/sessions/tests/71ba6e7ab0a69f9cb9465d9bee270ae8000a909560c99842/video#t=52,68,https://api.browserstack.com/app-automate/maestro/builds/e86ba28ad0b7832d7c428bc2dec19e15cd8f615a/sessions/tests/71ba6e7ab0a69f9cb9465d9bee270ae8000a909560c99842/maestrologs,"iOS v12 — conditional logout"
e86ba28ad0b7832d7c428bc2dec19e15cd8f615a,2026-04-26 04:11:28 UTC,ios,failed,71ba6e7ab0a69f9cb9465d9bee270ae8000a9095,auth-flow,failed,16.341,https://api.browserstack.com/app-automate/maestro/builds/e86ba28ad0b7832d7c428bc2dec19e15cd8f615a/sessions/tests/71ba6e7ab0a69f9cb9465d9bee270ae8000a909599f2f61f/video#t=69,85,https://api.browserstack.com/app-automate/maestro/builds/e86ba28ad0b7832d7c428bc2dec19e15cd8f615a/sessions/tests/71ba6e7ab0a69f9cb9465d9bee270ae8000a909599f2f61f/maestrologs,"iOS v12 — conditional logout"
03158b4a2cfe10f82d268f33b148a3cdd3b58d38,2026-04-26 04:11:28 UTC,android,passed,39812db3c289df668f2ea0fe14c081bda20693a2,auth-flow,passed,37,https://api.browserstack.com/app-automate/maestro/builds/03158b4a2cfe10f82d268f33b148a3cdd3b58d38/sessions/tests/39812db3c289df668f2ea0fe14c081bda20693a2d3e1e6f9/video#t=5,53,https://api.browserstack.com/app-automate/maestro/builds/03158b4a2cfe10f82d268f33b148a3cdd3b58d38/sessions/tests/39812db3c289df668f2ea0fe14c081bda20693a2d3e1e6f9/maestrologs,"Android v10 — conditional logout"
03158b4a2cfe10f82d268f33b148a3cdd3b58d38,2026-04-26 04:11:28 UTC,android,passed,39812db3c289df668f2ea0fe14c081bda20693a2,login,passed,28,https://api.browserstack.com/app-automate/maestro/builds/03158b4a2cfe10f82d268f33b148a3cdd3b58d38/sessions/tests/39812db3c289df668f2ea0fe14c081bda20693a2cb152d7d/video#t=65,104,https://api.browserstack.com/app-automate/maestro/builds/03158b4a2cfe10f82d268f33b148a3cdd3b58d38/sessions/tests/39812db3c289df668f2ea0fe14c081bda20693a2cb152d7d/maestrologs,"Android v10 — conditional logout"
03158b4a2cfe10f82d268f33b148a3cdd3b58d38,2026-04-26 04:11:28 UTC,android,passed,39812db3c289df668f2ea0fe14c081bda20693a2,lend-flow,passed,72,https://api.browserstack.com/app-automate/maestro/builds/03158b4a2cfe10f82d268f33b148a3cdd3b58d38/sessions/tests/39812db3c289df668f2ea0fe14c081bda20693a23a870223/video#t=116,199,https://api.browserstack.com/app-automate/maestro/builds/03158b4a2cfe10f82d268f33b148a3cdd3b58d38/sessions/tests/39812db3c289df668f2ea0fe14c081bda20693a23a870223/maestrologs,"Android v10 — conditional logout"
03158b4a2cfe10f82d268f33b148a3cdd3b58d38,2026-04-26 04:11:28 UTC,android,passed,39812db3c289df668f2ea0fe14c081bda20693a2,home-smoke,passed,35,https://api.browserstack.com/app-automate/maestro/builds/03158b4a2cfe10f82d268f33b148a3cdd3b58d38/sessions/tests/39812db3c289df668f2ea0fe14c081bda20693a2019c1b10/video#t=211,257,https://api.browserstack.com/app-automate/maestro/builds/03158b4a2cfe10f82d268f33b148a3cdd3b58d38/sessions/tests/39812db3c289df668f2ea0fe14c081bda20693a2019c1b10/maestrologs,"Android v10 — conditional logout"
2ffd391b238d86c30de366ab25c3519bf82b9362,2026-04-26 04:05:13 UTC,android,passed,1976c09a3cab866c279c48ce82fd01e7abc90aa8,auth-flow,passed,27,https://api.browserstack.com/app-automate/maestro/builds/2ffd391b238d86c30de366ab25c3519bf82b9362/sessions/tests/1976c09a3cab866c279c48ce82fd01e7abc90aa84c8ad38f/video#t=5,43,https://api.browserstack.com/app-automate/maestro/builds/2ffd391b238d86c30de366ab25c3519bf82b9362/sessions/tests/1976c09a3cab866c279c48ce82fd01e7abc90aa84c8ad38f/maestrologs,"Android v9 — clearKeychain + all flows"
2ffd391b238d86c30de366ab25c3519bf82b9362,2026-04-26 04:05:13 UTC,android,passed,1976c09a3cab866c279c48ce82fd01e7abc90aa8,login,passed,22,https://api.browserstack.com/app-automate/maestro/builds/2ffd391b238d86c30de366ab25c3519bf82b9362/sessions/tests/1976c09a3cab866c279c48ce82fd01e7abc90aa8a9403513/video#t=55,88,https://api.browserstack.com/app-automate/maestro/builds/2ffd391b238d86c30de366ab25c3519bf82b9362/sessions/tests/1976c09a3cab866c279c48ce82fd01e7abc90aa8a9403513/maestrologs,"Android v9 — clearKeychain + all flows"
2ffd391b238d86c30de366ab25c3519bf82b9362,2026-04-26 04:05:13 UTC,android,passed,1976c09a3cab866c279c48ce82fd01e7abc90aa8,lend-flow,passed,68,https://api.browserstack.com/app-automate/maestro/builds/2ffd391b238d86c30de366ab25c3519bf82b9362/sessions/tests/1976c09a3cab866c279c48ce82fd01e7abc90aa88ac3cec3/video#t=100,179,https://api.browserstack.com/app-automate/maestro/builds/2ffd391b238d86c30de366ab25c3519bf82b9362/sessions/tests/1976c09a3cab866c279c48ce82fd01e7abc90aa88ac3cec3/maestrologs,"Android v9 — clearKeychain + all flows"
2ffd391b238d86c30de366ab25c3519bf82b9362,2026-04-26 04:05:13 UTC,android,passed,1976c09a3cab866c279c48ce82fd01e7abc90aa8,home-smoke,passed,29,https://api.browserstack.com/app-automate/maestro/builds/2ffd391b238d86c30de366ab25c3519bf82b9362/sessions/tests/1976c09a3cab866c279c48ce82fd01e7abc90aa8194020ef/video#t=190,231,https://api.browserstack.com/app-automate/maestro/builds/2ffd391b238d86c30de366ab25c3519bf82b9362/sessions/tests/1976c09a3cab866c279c48ce82fd01e7abc90aa8194020ef/maestrologs,"Android v9 — clearKeychain + all flows"
1ed9a5a07938417eff8d6920b56d052d68add90e,2026-04-26 04:05:13 UTC,ios,failed,2ef42eea239062f476ec47b36e0195758c017f08,home-smoke,passed,26.798,https://api.browserstack.com/app-automate/maestro/builds/1ed9a5a07938417eff8d6920b56d052d68add90e/sessions/tests/2ef42eea239062f476ec47b36e0195758c017f0877ad6ac2/video#t=0,27,https://api.browserstack.com/app-automate/maestro/builds/1ed9a5a07938417eff8d6920b56d052d68add90e/sessions/tests/2ef42eea239062f476ec47b36e0195758c017f0877ad6ac2/maestrologs,"iOS v11 — clearKeychain + all flows"
1ed9a5a07938417eff8d6920b56d052d68add90e,2026-04-26 04:05:13 UTC,ios,failed,2ef42eea239062f476ec47b36e0195758c017f08,lend-flow,failed,39.138,https://api.browserstack.com/app-automate/maestro/builds/1ed9a5a07938417eff8d6920b56d052d68add90e/sessions/tests/2ef42eea239062f476ec47b36e0195758c017f0834ad46fb/video#t=27,67,https://api.browserstack.com/app-automate/maestro/builds/1ed9a5a07938417eff8d6920b56d052d68add90e/sessions/tests/2ef42eea239062f476ec47b36e0195758c017f0834ad46fb/maestrologs,"iOS v11 — clearKeychain + all flows"
1ed9a5a07938417eff8d6920b56d052d68add90e,2026-04-26 04:05:13 UTC,ios,failed,2ef42eea239062f476ec47b36e0195758c017f08,login,failed,38.384,https://api.browserstack.com/app-automate/maestro/builds/1ed9a5a07938417eff8d6920b56d052d68add90e/sessions/tests/2ef42eea239062f476ec47b36e0195758c017f0860c99842/video#t=67,106,https://api.browserstack.com/app-automate/maestro/builds/1ed9a5a07938417eff8d6920b56d052d68add90e/sessions/tests/2ef42eea239062f476ec47b36e0195758c017f0860c99842/maestrologs,"iOS v11 — clearKeychain + all flows"
1ed9a5a07938417eff8d6920b56d052d68add90e,2026-04-26 04:05:13 UTC,ios,failed,2ef42eea239062f476ec47b36e0195758c017f08,auth-flow,failed,38.931,https://api.browserstack.com/app-automate/maestro/builds/1ed9a5a07938417eff8d6920b56d052d68add90e/sessions/tests/2ef42eea239062f476ec47b36e0195758c017f0899f2f61f/video#t=106,145,https://api.browserstack.com/app-automate/maestro/builds/1ed9a5a07938417eff8d6920b56d052d68add90e/sessions/tests/2ef42eea239062f476ec47b36e0195758c017f0899f2f61f/maestrologs,"iOS v11 — clearKeychain + all flows"
de805536d6cbc2bedad5a65a4e2d7a05436d0609,2026-04-26 00:48:40 UTC,android,failed,98613ef89aa7335f505a2c894d37cb318cd2492e,auth-flow,passed,26,https://api.browserstack.com/app-automate/maestro/builds/de805536d6cbc2bedad5a65a4e2d7a05436d0609/sessions/tests/98613ef89aa7335f505a2c894d37cb318cd2492e9979606b/video#t=7,47,https://api.browserstack.com/app-automate/maestro/builds/de805536d6cbc2bedad5a65a4e2d7a05436d0609/sessions/tests/98613ef89aa7335f505a2c894d37cb318cd2492e9979606b/maestrologs,"Android v8 — clearState + all flows"
de805536d6cbc2bedad5a65a4e2d7a05436d0609,2026-04-26 00:48:40 UTC,android,failed,98613ef89aa7335f505a2c894d37cb318cd2492e,login,passed,22,https://api.browserstack.com/app-automate/maestro/builds/de805536d6cbc2bedad5a65a4e2d7a05436d0609/sessions/tests/98613ef89aa7335f505a2c894d37cb318cd2492e1b25ca88/video#t=64,99,https://api.browserstack.com/app-automate/maestro/builds/de805536d6cbc2bedad5a65a4e2d7a05436d0609/sessions/tests/98613ef89aa7335f505a2c894d37cb318cd2492e1b25ca88/maestrologs,"Android v8 — clearState + all flows"
de805536d6cbc2bedad5a65a4e2d7a05436d0609,2026-04-26 00:48:40 UTC,android,failed,98613ef89aa7335f505a2c894d37cb318cd2492e,lend-flow,failed,72,https://api.browserstack.com/app-automate/maestro/builds/de805536d6cbc2bedad5a65a4e2d7a05436d0609/sessions/tests/98613ef89aa7335f505a2c894d37cb318cd2492e6a5b1845/video#t=114,199,https://api.browserstack.com/app-automate/maestro/builds/de805536d6cbc2bedad5a65a4e2d7a05436d0609/sessions/tests/98613ef89aa7335f505a2c894d37cb318cd2492e6a5b1845/maestrologs,"Android v8 — clearState + all flows"
de805536d6cbc2bedad5a65a4e2d7a05436d0609,2026-04-26 00:48:40 UTC,android,failed,98613ef89aa7335f505a2c894d37cb318cd2492e,home-smoke,passed,30,https://api.browserstack.com/app-automate/maestro/builds/de805536d6cbc2bedad5a65a4e2d7a05436d0609/sessions/tests/98613ef89aa7335f505a2c894d37cb318cd2492eefdbaa93/video#t=213,255,https://api.browserstack.com/app-automate/maestro/builds/de805536d6cbc2bedad5a65a4e2d7a05436d0609/sessions/tests/98613ef89aa7335f505a2c894d37cb318cd2492eefdbaa93/maestrologs,"Android v8 — clearState + all flows"
86b0f650845e762feefcf2242f26016bca5bec49,2026-04-26 00:48:40 UTC,ios,failed,9d8416fc9fa8292322ff5216bd34fe1e0201c7aa,home-smoke,passed,26.782,https://api.browserstack.com/app-automate/maestro/builds/86b0f650845e762feefcf2242f26016bca5bec49/sessions/tests/9d8416fc9fa8292322ff5216bd34fe1e0201c7aa77ad6ac2/video#t=0,27,https://api.browserstack.com/app-automate/maestro/builds/86b0f650845e762feefcf2242f26016bca5bec49/sessions/tests/9d8416fc9fa8292322ff5216bd34fe1e0201c7aa77ad6ac2/maestrologs,"iOS v10 — clearState + all flows"
86b0f650845e762feefcf2242f26016bca5bec49,2026-04-26 00:48:40 UTC,ios,failed,9d8416fc9fa8292322ff5216bd34fe1e0201c7aa,lend-flow,failed,38.763,https://api.browserstack.com/app-automate/maestro/builds/86b0f650845e762feefcf2242f26016bca5bec49/sessions/tests/9d8416fc9fa8292322ff5216bd34fe1e0201c7aa34ad46fb/video#t=27,66,https://api.browserstack.com/app-automate/maestro/builds/86b0f650845e762feefcf2242f26016bca5bec49/sessions/tests/9d8416fc9fa8292322ff5216bd34fe1e0201c7aa34ad46fb/maestrologs,"iOS v10 — clearState + all flows"
86b0f650845e762feefcf2242f26016bca5bec49,2026-04-26 00:48:40 UTC,ios,failed,9d8416fc9fa8292322ff5216bd34fe1e0201c7aa,login,failed,38.651,https://api.browserstack.com/app-automate/maestro/builds/86b0f650845e762feefcf2242f26016bca5bec49/sessions/tests/9d8416fc9fa8292322ff5216bd34fe1e0201c7aa60c99842/video#t=67,105,https://api.browserstack.com/app-automate/maestro/builds/86b0f650845e762feefcf2242f26016bca5bec49/sessions/tests/9d8416fc9fa8292322ff5216bd34fe1e0201c7aa60c99842/maestrologs,"iOS v10 — clearState + all flows"
86b0f650845e762feefcf2242f26016bca5bec49,2026-04-26 00:48:40 UTC,ios,failed,9d8416fc9fa8292322ff5216bd34fe1e0201c7aa,auth-flow,failed,38.471,https://api.browserstack.com/app-automate/maestro/builds/86b0f650845e762feefcf2242f26016bca5bec49/sessions/tests/9d8416fc9fa8292322ff5216bd34fe1e0201c7aa99f2f61f/video#t=106,145,https://api.browserstack.com/app-automate/maestro/builds/86b0f650845e762feefcf2242f26016bca5bec49/sessions/tests/9d8416fc9fa8292322ff5216bd34fe1e0201c7aa99f2f61f/maestrologs,"iOS v10 — clearState + all flows"
df66d2088be45b44168435277d94a50caa3d10df,2026-04-26 00:42:49 UTC,android,failed,16101d88a5c08198952633a3b57d5884628cda42,home-smoke,passed,31,https://api.browserstack.com/app-automate/maestro/builds/df66d2088be45b44168435277d94a50caa3d10df/sessions/tests/16101d88a5c08198952633a3b57d5884628cda42d9950071/video#t=6,47,https://api.browserstack.com/app-automate/maestro/builds/df66d2088be45b44168435277d94a50caa3d10df/sessions/tests/16101d88a5c08198952633a3b57d5884628cda42d9950071/maestrologs,"Android v7 — relative paths"
df66d2088be45b44168435277d94a50caa3d10df,2026-04-26 00:42:49 UTC,android,failed,16101d88a5c08198952633a3b57d5884628cda42,auth-flow,failed,33,https://api.browserstack.com/app-automate/maestro/builds/df66d2088be45b44168435277d94a50caa3d10df/sessions/tests/16101d88a5c08198952633a3b57d5884628cda42f71b4d44/video#t=59,104,https://api.browserstack.com/app-automate/maestro/builds/df66d2088be45b44168435277d94a50caa3d10df/sessions/tests/16101d88a5c08198952633a3b57d5884628cda42f71b4d44/maestrologs,"Android v7 — relative paths"
df66d2088be45b44168435277d94a50caa3d10df,2026-04-26 00:42:49 UTC,android,failed,16101d88a5c08198952633a3b57d5884628cda42,lend-flow,failed,33,https://api.browserstack.com/app-automate/maestro/builds/df66d2088be45b44168435277d94a50caa3d10df/sessions/tests/16101d88a5c08198952633a3b57d5884628cda420f2f9322/video#t=116,160,https://api.browserstack.com/app-automate/maestro/builds/df66d2088be45b44168435277d94a50caa3d10df/sessions/tests/16101d88a5c08198952633a3b57d5884628cda420f2f9322/maestrologs,"Android v7 — relative paths"
df66d2088be45b44168435277d94a50caa3d10df,2026-04-26 00:42:49 UTC,android,failed,16101d88a5c08198952633a3b57d5884628cda42,login,failed,33,https://api.browserstack.com/app-automate/maestro/builds/df66d2088be45b44168435277d94a50caa3d10df/sessions/tests/16101d88a5c08198952633a3b57d5884628cda42e0499ecf/video#t=173,217,https://api.browserstack.com/app-automate/maestro/builds/df66d2088be45b44168435277d94a50caa3d10df/sessions/tests/16101d88a5c08198952633a3b57d5884628cda42e0499ecf/maestrologs,"Android v7 — relative paths"
4438dce5e8568f61fa1009d9972e153e28bfda9a,2026-04-26 00:42:49 UTC,ios,failed,4739c14222c533f218273f8e88b87141110026d6,home-smoke,passed,25.752,https://api.browserstack.com/app-automate/maestro/builds/4438dce5e8568f61fa1009d9972e153e28bfda9a/sessions/tests/4739c14222c533f218273f8e88b87141110026d677ad6ac2/video#t=0,26,https://api.browserstack.com/app-automate/maestro/builds/4438dce5e8568f61fa1009d9972e153e28bfda9a/sessions/tests/4739c14222c533f218273f8e88b87141110026d677ad6ac2/maestrologs,"iOS v9 — no execute param"
4438dce5e8568f61fa1009d9972e153e28bfda9a,2026-04-26 00:42:49 UTC,ios,failed,4739c14222c533f218273f8e88b87141110026d6,lend-flow,failed,39.01,https://api.browserstack.com/app-automate/maestro/builds/4438dce5e8568f61fa1009d9972e153e28bfda9a/sessions/tests/4739c14222c533f218273f8e88b87141110026d634ad46fb/video#t=26,65,https://api.browserstack.com/app-automate/maestro/builds/4438dce5e8568f61fa1009d9972e153e28bfda9a/sessions/tests/4739c14222c533f218273f8e88b87141110026d634ad46fb/maestrologs,"iOS v9 — no execute param"
4438dce5e8568f61fa1009d9972e153e28bfda9a,2026-04-26 00:42:49 UTC,ios,failed,4739c14222c533f218273f8e88b87141110026d6,login,failed,38.969,https://api.browserstack.com/app-automate/maestro/builds/4438dce5e8568f61fa1009d9972e153e28bfda9a/sessions/tests/4739c14222c533f218273f8e88b87141110026d660c99842/video#t=66,105,https://api.browserstack.com/app-automate/maestro/builds/4438dce5e8568f61fa1009d9972e153e28bfda9a/sessions/tests/4739c14222c533f218273f8e88b87141110026d660c99842/maestrologs,"iOS v9 — no execute param"
4438dce5e8568f61fa1009d9972e153e28bfda9a,2026-04-26 00:42:49 UTC,ios,failed,4739c14222c533f218273f8e88b87141110026d6,auth-flow,failed,38.681,https://api.browserstack.com/app-automate/maestro/builds/4438dce5e8568f61fa1009d9972e153e28bfda9a/sessions/tests/4739c14222c533f218273f8e88b87141110026d699f2f61f/video#t=106,144,https://api.browserstack.com/app-automate/maestro/builds/4438dce5e8568f61fa1009d9972e153e28bfda9a/sessions/tests/4739c14222c533f218273f8e88b87141110026d699f2f61f/maestrologs,"iOS v9 — no execute param"
6f17312c8246c338490ff46240d938d648da9ff0,2026-04-26 00:19:29 UTC,android,passed,1532613d560c567f9668ec15762b839c2994cfdb,auth-flow,passed,28,https://api.browserstack.com/app-automate/maestro/builds/6f17312c8246c338490ff46240d938d648da9ff0/sessions/tests/1532613d560c567f9668ec15762b839c2994cfdb0b4cb91a/video#t=5,43,https://api.browserstack.com/app-automate/maestro/builds/6f17312c8246c338490ff46240d938d648da9ff0/sessions/tests/1532613d560c567f9668ec15762b839c2994cfdb0b4cb91a/maestrologs,"Android v5 — point taps"
93109741b374f8758f6d34f7e55c068f2515eb30,2026-04-25 23:46:58 UTC,ios,passed,e0118bda94ee9d33f87f70c676a10230ab052179,home-smoke,passed,28.082,https://api.browserstack.com/app-automate/maestro/builds/93109741b374f8758f6d34f7e55c068f2515eb30/sessions/tests/e0118bda94ee9d33f87f70c676a10230ab0521790a928a3a/video#t=0,28,https://api.browserstack.com/app-automate/maestro/builds/93109741b374f8758f6d34f7e55c068f2515eb30/sessions/tests/e0118bda94ee9d33f87f70c676a10230ab0521790a928a3a/maestrologs,"iOS v7 — 93pct tabs"
210d9c56a926c13ec4ab7687c16d17aa5c5c8044,2026-04-25 23:44:25 UTC,ios,failed,ae44993a8e79fc78b44a62ace516106866454069,home-smoke,failed,33.161,https://api.browserstack.com/app-automate/maestro/builds/210d9c56a926c13ec4ab7687c16d17aa5c5c8044/sessions/tests/ae44993a8e79fc78b44a62ace5161068664540692144b566/video#t=0,33,https://api.browserstack.com/app-automate/maestro/builds/210d9c56a926c13ec4ab7687c16d17aa5c5c8044/sessions/tests/ae44993a8e79fc78b44a62ace5161068664540692144b566/maestrologs,"iOS v6 — settings assert"
5f917719c5baab22738ae027f70b679ab5f1ee33,2026-04-25 23:41:52 UTC,ios,failed,73a78b1c722f02d487a36e152da3660052b9ab19,home-smoke,failed,29.055,https://api.browserstack.com/app-automate/maestro/builds/5f917719c5baab22738ae027f70b679ab5f1ee33/sessions/tests/73a78b1c722f02d487a36e152da3660052b9ab19a0bef6eb/video#t=0,29,https://api.browserstack.com/app-automate/maestro/builds/5f917719c5baab22738ae027f70b679ab5f1ee33/sessions/tests/73a78b1c722f02d487a36e152da3660052b9ab19a0bef6eb/maestrologs,"iOS v5 — point taps"
c67ca700028ad26fc500903657e4a3190db900a7,2026-04-25 23:35:38 UTC,android,passed,bd4e7d0c7430a802e81062457c1cd3c1e14b8697,auth-flow,passed,27,https://api.browserstack.com/app-automate/maestro/builds/c67ca700028ad26fc500903657e4a3190db900a7/sessions/tests/bd4e7d0c7430a802e81062457c1cd3c1e14b869797e9a94d/video#t=5,43,https://api.browserstack.com/app-automate/maestro/builds/c67ca700028ad26fc500903657e4a3190db900a7/sessions/tests/bd4e7d0c7430a802e81062457c1cd3c1e14b869797e9a94d/maestrologs,"Android v4 — auth fix"
72347bbe5ec94a81a45779c363b8353508336b1a,2026-04-25 23:35:34 UTC,ios,failed,c3e279f42b25e1af899f13c81a6221a6cc25adcc,home-smoke,failed,39.319,https://api.browserstack.com/app-automate/maestro/builds/72347bbe5ec94a81a45779c363b8353508336b1a/sessions/tests/c3e279f42b25e1af899f13c81a6221a6cc25adcc9b78ce40/video#t=0,39,https://api.browserstack.com/app-automate/maestro/builds/72347bbe5ec94a81a45779c363b8353508336b1a/sessions/tests/c3e279f42b25e1af899f13c81a6221a6cc25adcc9b78ce40/maestrologs,"iOS v4 — auth fix"
b169295f40300277288712e538e632d788a37c28,2026-04-25 23:00:21 UTC,android,failed,5415d217c982d7d50e05ab6cea90a86f79f20984,auth-flow,failed,39,https://api.browserstack.com/app-automate/maestro/builds/b169295f40300277288712e538e632d788a37c28/sessions/tests/5415d217c982d7d50e05ab6cea90a86f79f209843b0aa071/video#t=4,55,https://api.browserstack.com/app-automate/maestro/builds/b169295f40300277288712e538e632d788a37c28/sessions/tests/5415d217c982d7d50e05ab6cea90a86f79f209843b0aa071/maestrologs,"Android v3 — launchApp fix"
81b554a9d2ce4be6ed1e7758d2cf3cfe1d754cd9,2026-04-25 23:00:19 UTC,ios,failed,7654ab550d75eee7611ddac134c52c16ed7649d1,home-smoke,failed,35.524,https://api.browserstack.com/app-automate/maestro/builds/81b554a9d2ce4be6ed1e7758d2cf3cfe1d754cd9/sessions/tests/7654ab550d75eee7611ddac134c52c16ed7649d14bd5cc02/video#t=0,36,https://api.browserstack.com/app-automate/maestro/builds/81b554a9d2ce4be6ed1e7758d2cf3cfe1d754cd9/sessions/tests/7654ab550d75eee7611ddac134c52c16ed7649d14bd5cc02/maestrologs,"iOS v3 — launchApp fix"
b505388aa76196299b31a7fef9df7d319776f8dc,2026-04-25 07:25:11 UTC,android,failed,be7e2a89229bb3f3e1e676cb73b2b51373136000,auth-flow,failed,32,https://api.browserstack.com/app-automate/maestro/builds/b505388aa76196299b31a7fef9df7d319776f8dc/sessions/tests/be7e2a89229bb3f3e1e676cb73b2b51373136000708969ad/video#t=6,51,https://api.browserstack.com/app-automate/maestro/builds/b505388aa76196299b31a7fef9df7d319776f8dc/sessions/tests/be7e2a89229bb3f3e1e676cb73b2b51373136000708969ad/maestrologs,"lendlee.apk"
b505388aa76196299b31a7fef9df7d319776f8dc,2026-04-25 07:25:11 UTC,android,failed,be7e2a89229bb3f3e1e676cb73b2b51373136000,login,failed,32,https://api.browserstack.com/app-automate/maestro/builds/b505388aa76196299b31a7fef9df7d319776f8dc/sessions/tests/be7e2a89229bb3f3e1e676cb73b2b5137313600097310642/video#t=65,109,https://api.browserstack.com/app-automate/maestro/builds/b505388aa76196299b31a7fef9df7d319776f8dc/sessions/tests/be7e2a89229bb3f3e1e676cb73b2b5137313600097310642/maestrologs,"lendlee.apk"
b505388aa76196299b31a7fef9df7d319776f8dc,2026-04-25 07:25:11 UTC,android,failed,be7e2a89229bb3f3e1e676cb73b2b51373136000,lend-flow,failed,32,https://api.browserstack.com/app-automate/maestro/builds/b505388aa76196299b31a7fef9df7d319776f8dc/sessions/tests/be7e2a89229bb3f3e1e676cb73b2b513731360003f51a119/video#t=123,167,https://api.browserstack.com/app-automate/maestro/builds/b505388aa76196299b31a7fef9df7d319776f8dc/sessions/tests/be7e2a89229bb3f3e1e676cb73b2b513731360003f51a119/maestrologs,"lendlee.apk"
b505388aa76196299b31a7fef9df7d319776f8dc,2026-04-25 07:25:11 UTC,android,failed,be7e2a89229bb3f3e1e676cb73b2b51373136000,home-smoke,failed,32,https://api.browserstack.com/app-automate/maestro/builds/b505388aa76196299b31a7fef9df7d319776f8dc/sessions/tests/be7e2a89229bb3f3e1e676cb73b2b513731360000156efdb/video#t=181,225,https://api.browserstack.com/app-automate/maestro/builds/b505388aa76196299b31a7fef9df7d319776f8dc/sessions/tests/be7e2a89229bb3f3e1e676cb73b2b513731360000156efdb/maestrologs,"lendlee.apk"
1cae893e905aee65cf76c7d51afc8cc79711bab0,2026-04-25 07:25:14 UTC,ios,failed,18309c9eceb65ed75177876b12b2e54ad21b1de2,home-smoke,failed,49.39,https://api.browserstack.com/app-automate/maestro/builds/1cae893e905aee65cf76c7d51afc8cc79711bab0/sessions/tests/18309c9eceb65ed75177876b12b2e54ad21b1de277ad6ac2/video#t=0,50,https://api.browserstack.com/app-automate/maestro/builds/1cae893e905aee65cf76c7d51afc8cc79711bab0/sessions/tests/18309c9eceb65ed75177876b12b2e54ad21b1de277ad6ac2/maestrologs,"lendlee.ipa"
1cae893e905aee65cf76c7d51afc8cc79711bab0,2026-04-25 07:25:14 UTC,ios,failed,18309c9eceb65ed75177876b12b2e54ad21b1de2,lend-flow,failed,46.701,https://api.browserstack.com/app-automate/maestro/builds/1cae893e905aee65cf76c7d51afc8cc79711bab0/sessions/tests/18309c9eceb65ed75177876b12b2e54ad21b1de234ad46fb/video#t=62,110,https://api.browserstack.com/app-automate/maestro/builds/1cae893e905aee65cf76c7d51afc8cc79711bab0/sessions/tests/18309c9eceb65ed75177876b12b2e54ad21b1de234ad46fb/maestrologs,"lendlee.ipa"
1cae893e905aee65cf76c7d51afc8cc79711bab0,2026-04-25 07:25:14 UTC,ios,failed,18309c9eceb65ed75177876b12b2e54ad21b1de2,login,failed,44.925,https://api.browserstack.com/app-automate/maestro/builds/1cae893e905aee65cf76c7d51afc8cc79711bab0/sessions/tests/18309c9eceb65ed75177876b12b2e54ad21b1de260c99842/video#t=122,167,https://api.browserstack.com/app-automate/maestro/builds/1cae893e905aee65cf76c7d51afc8cc79711bab0/sessions/tests/18309c9eceb65ed75177876b12b2e54ad21b1de260c99842/maestrologs,"lendlee.ipa"
1cae893e905aee65cf76c7d51afc8cc79711bab0,2026-04-25 07:25:14 UTC,ios,failed,18309c9eceb65ed75177876b12b2e54ad21b1de2,auth-flow,failed,42.269,https://api.browserstack.com/app-automate/maestro/builds/1cae893e905aee65cf76c7d51afc8cc79711bab0/sessions/tests/18309c9eceb65ed75177876b12b2e54ad21b1de299f2f61f/video#t=174,216,https://api.browserstack.com/app-automate/maestro/builds/1cae893e905aee65cf76c7d51afc8cc79711bab0/sessions/tests/18309c9eceb65ed75177876b12b2e54ad21b1de299f2f61f/maestrologs,"lendlee.ipa"
dd56247c5f0d0996a898027bb59750f1bbed21ee,2026-04-25 07:20:57 UTC,android,failed,3952ba12cba43c0e06d36bbae21e5b6fe008821c,auth-flow,failed,19,https://api.browserstack.com/app-automate/maestro/builds/dd56247c5f0d0996a898027bb59750f1bbed21ee/sessions/tests/3952ba12cba43c0e06d36bbae21e5b6fe008821c969906be/video#t=5,35,https://api.browserstack.com/app-automate/maestro/builds/dd56247c5f0d0996a898027bb59750f1bbed21ee/sessions/tests/3952ba12cba43c0e06d36bbae21e5b6fe008821c969906be/maestrologs,"lendlee.apk"
dd56247c5f0d0996a898027bb59750f1bbed21ee,2026-04-25 07:20:57 UTC,android,failed,3952ba12cba43c0e06d36bbae21e5b6fe008821c,login,failed,19,https://api.browserstack.com/app-automate/maestro/builds/dd56247c5f0d0996a898027bb59750f1bbed21ee/sessions/tests/3952ba12cba43c0e06d36bbae21e5b6fe008821c1909339a/video#t=47,78,https://api.browserstack.com/app-automate/maestro/builds/dd56247c5f0d0996a898027bb59750f1bbed21ee/sessions/tests/3952ba12cba43c0e06d36bbae21e5b6fe008821c1909339a/maestrologs,"lendlee.apk"
dd56247c5f0d0996a898027bb59750f1bbed21ee,2026-04-25 07:20:57 UTC,android,failed,3952ba12cba43c0e06d36bbae21e5b6fe008821c,lend-flow,failed,19,https://api.browserstack.com/app-automate/maestro/builds/dd56247c5f0d0996a898027bb59750f1bbed21ee/sessions/tests/3952ba12cba43c0e06d36bbae21e5b6fe008821c750c520d/video#t=90,120,https://api.browserstack.com/app-automate/maestro/builds/dd56247c5f0d0996a898027bb59750f1bbed21ee/sessions/tests/3952ba12cba43c0e06d36bbae21e5b6fe008821c750c520d/maestrologs,"lendlee.apk"
dd56247c5f0d0996a898027bb59750f1bbed21ee,2026-04-25 07:20:57 UTC,android,failed,3952ba12cba43c0e06d36bbae21e5b6fe008821c,home-smoke,failed,19,https://api.browserstack.com/app-automate/maestro/builds/dd56247c5f0d0996a898027bb59750f1bbed21ee/sessions/tests/3952ba12cba43c0e06d36bbae21e5b6fe008821c08979653/video#t=131,161,https://api.browserstack.com/app-automate/maestro/builds/dd56247c5f0d0996a898027bb59750f1bbed21ee/sessions/tests/3952ba12cba43c0e06d36bbae21e5b6fe008821c08979653/maestrologs,"lendlee.apk"
7ea5912901adba7930a8d044ea14009820c06297,2026-04-25 07:21:00 UTC,ios,failed,1eafdfdcbae3b176cb63e0ed8ab7c7639321be87,home-smoke,failed,22.549,https://api.browserstack.com/app-automate/maestro/builds/7ea5912901adba7930a8d044ea14009820c06297/sessions/tests/1eafdfdcbae3b176cb63e0ed8ab7c7639321be8777ad6ac2/video#t=0,23,https://api.browserstack.com/app-automate/maestro/builds/7ea5912901adba7930a8d044ea14009820c06297/sessions/tests/1eafdfdcbae3b176cb63e0ed8ab7c7639321be8777ad6ac2/maestrologs,"lendlee.ipa"
7ea5912901adba7930a8d044ea14009820c06297,2026-04-25 07:21:00 UTC,ios,failed,1eafdfdcbae3b176cb63e0ed8ab7c7639321be87,lend-flow,failed,21.899,https://api.browserstack.com/app-automate/maestro/builds/7ea5912901adba7930a8d044ea14009820c06297/sessions/tests/1eafdfdcbae3b176cb63e0ed8ab7c7639321be8734ad46fb/video#t=28,50,https://api.browserstack.com/app-automate/maestro/builds/7ea5912901adba7930a8d044ea14009820c06297/sessions/tests/1eafdfdcbae3b176cb63e0ed8ab7c7639321be8734ad46fb/maestrologs,"lendlee.ipa"
7ea5912901adba7930a8d044ea14009820c06297,2026-04-25 07:21:00 UTC,ios,failed,1eafdfdcbae3b176cb63e0ed8ab7c7639321be87,login,failed,22.003,https://api.browserstack.com/app-automate/maestro/builds/7ea5912901adba7930a8d044ea14009820c06297/sessions/tests/1eafdfdcbae3b176cb63e0ed8ab7c7639321be8760c99842/video#t=54,76,https://api.browserstack.com/app-automate/maestro/builds/7ea5912901adba7930a8d044ea14009820c06297/sessions/tests/1eafdfdcbae3b176cb63e0ed8ab7c7639321be8760c99842/maestrologs,"lendlee.ipa"
7ea5912901adba7930a8d044ea14009820c06297,2026-04-25 07:21:00 UTC,ios,failed,1eafdfdcbae3b176cb63e0ed8ab7c7639321be87,auth-flow,failed,22.965,https://api.browserstack.com/app-automate/maestro/builds/7ea5912901adba7930a8d044ea14009820c06297/sessions/tests/1eafdfdcbae3b176cb63e0ed8ab7c7639321be8799f2f61f/video#t=80,103,https://api.browserstack.com/app-automate/maestro/builds/7ea5912901adba7930a8d044ea14009820c06297/sessions/tests/1eafdfdcbae3b176cb63e0ed8ab7c7639321be8799f2f61f/maestrologs,"lendlee.ipa"
95cb435632a46f118b1ae30fa17b927d20f3a935,2026-04-25 07:13:57 UTC,android,failed,5637d476b496d64c7027f311750d1d4af1145d6c,auth-flow,failed,19,https://api.browserstack.com/app-automate/maestro/builds/95cb435632a46f118b1ae30fa17b927d20f3a935/sessions/tests/5637d476b496d64c7027f311750d1d4af1145d6cdf740c5d/video#t=6,37,https://api.browserstack.com/app-automate/maestro/builds/95cb435632a46f118b1ae30fa17b927d20f3a935/sessions/tests/5637d476b496d64c7027f311750d1d4af1145d6cdf740c5d/maestrologs,"lendlee.apk"
95cb435632a46f118b1ae30fa17b927d20f3a935,2026-04-25 07:13:57 UTC,android,failed,5637d476b496d64c7027f311750d1d4af1145d6c,lend-flow,failed,19,https://api.browserstack.com/app-automate/maestro/builds/95cb435632a46f118b1ae30fa17b927d20f3a935/sessions/tests/5637d476b496d64c7027f311750d1d4af1145d6c92491bc8/video#t=52,82,https://api.browserstack.com/app-automate/maestro/builds/95cb435632a46f118b1ae30fa17b927d20f3a935/sessions/tests/5637d476b496d64c7027f311750d1d4af1145d6c92491bc8/maestrologs,"lendlee.apk"
95cb435632a46f118b1ae30fa17b927d20f3a935,2026-04-25 07:13:57 UTC,android,failed,5637d476b496d64c7027f311750d1d4af1145d6c,home-smoke,failed,12,https://api.browserstack.com/app-automate/maestro/builds/95cb435632a46f118b1ae30fa17b927d20f3a935/sessions/tests/5637d476b496d64c7027f311750d1d4af1145d6c5e130111/video#t=97,121,https://api.browserstack.com/app-automate/maestro/builds/95cb435632a46f118b1ae30fa17b927d20f3a935/sessions/tests/5637d476b496d64c7027f311750d1d4af1145d6c5e130111/maestrologs,"lendlee.apk"
155fa64589456b5f3ed7dc711bc1d8001abd8864,2026-04-25 07:14:47 UTC,ios,failed,bd2887b8667d195a3bff75eb0ecc8b82b3cfb57e,home-smoke,failed,16.461,https://api.browserstack.com/app-automate/maestro/builds/155fa64589456b5f3ed7dc711bc1d8001abd8864/sessions/tests/bd2887b8667d195a3bff75eb0ecc8b82b3cfb57e77ad6ac2/video#t=0,17,https://api.browserstack.com/app-automate/maestro/builds/155fa64589456b5f3ed7dc711bc1d8001abd8864/sessions/tests/bd2887b8667d195a3bff75eb0ecc8b82b3cfb57e77ad6ac2/maestrologs,"lendlee.ipa"
155fa64589456b5f3ed7dc711bc1d8001abd8864,2026-04-25 07:14:47 UTC,ios,failed,bd2887b8667d195a3bff75eb0ecc8b82b3cfb57e,lend-flow,failed,22.045,https://api.browserstack.com/app-automate/maestro/builds/155fa64589456b5f3ed7dc711bc1d8001abd8864/sessions/tests/bd2887b8667d195a3bff75eb0ecc8b82b3cfb57e34ad46fb/video#t=21,43,https://api.browserstack.com/app-automate/maestro/builds/155fa64589456b5f3ed7dc711bc1d8001abd8864/sessions/tests/bd2887b8667d195a3bff75eb0ecc8b82b3cfb57e34ad46fb/maestrologs,"lendlee.ipa"
155fa64589456b5f3ed7dc711bc1d8001abd8864,2026-04-25 07:14:47 UTC,ios,failed,bd2887b8667d195a3bff75eb0ecc8b82b3cfb57e,auth-flow,failed,22.489,https://api.browserstack.com/app-automate/maestro/builds/155fa64589456b5f3ed7dc711bc1d8001abd8864/sessions/tests/bd2887b8667d195a3bff75eb0ecc8b82b3cfb57e99f2f61f/video#t=47,70,https://api.browserstack.com/app-automate/maestro/builds/155fa64589456b5f3ed7dc711bc1d8001abd8864/sessions/tests/bd2887b8667d195a3bff75eb0ecc8b82b3cfb57e99f2f61f/maestrologs,"lendlee.ipa"
